{"cameraMode":{"drawMode":0,"name":"Shaded","section":"Shading Mode"},"sceneLighting":true,"audioPlay":false,"sceneViewState":{"m_AlwaysRefresh":false,"showFog":true,"showSkybox":true,"showFlares":true,"showImageEffects":true,"showParticleSystems":true,"showVisualEffectGraphs":true,"m_FxEnabled":true},"in2DMode":false,"pivot":{"x":-2.498642683029175,"y":1.724027156829834,"z":6.764230251312256},"rotation":{"x":0.02744886465370655,"y":-0.9690326452255249,"z":0.12600919604301454,"w":0.21107737720012666},"size":0.8229510188102722,"orthographic":false}