{"cameraMode":{"drawMode":0,"name":"Shaded","section":"Shading Mode"},"sceneLighting":true,"audioPlay":false,"sceneViewState":{"m_AlwaysRefresh":false,"showFog":true,"showSkybox":true,"showFlares":true,"showImageEffects":true,"showParticleSystems":true,"showVisualEffectGraphs":true,"m_FxEnabled":true},"in2DMode":false,"pivot":{"x":-3.6941139698028566,"y":1.3036627769470215,"z":6.6818389892578129},"rotation":{"x":0.03572525456547737,"y":-0.9606240391731262,"z":0.1469641774892807,"w":0.23352670669555665},"size":1.4082999229431153,"orthographic":false}